key,nHands,palmX,palmY,palmZ,palm_dir,palm_orientarm_prev_joint,arm_next_joint, arm_rotationpinch_dist,pinch_str,grab_angle,grab_strengththumb_extended,thumb_prev_joint,thumb_nex_joint,thumb_rotationindex_extended,index_prev_joint,index_nex_joint,index_rotationmiddle_extended,middle_prev_joint,middle_nex_joint,middle_rotationring_extended,ring_prev_joint,ring_nex_joint,ring_rotationpinky_extended,pinky_prev_joint,pinky_nex_joint,pinky_rotation
139445,1,15.980185,173.144012,19.508356,-0.513112,0.157104,-0.843822,0.060947,0.272717,-0.074097,0.957299220.306549,220.306549,220.306549,62.257175,62.257175,62.257175,0.008696,0.313043,-0.058192,0.94791571.758446,0.000000,0.243547,0.00000028.037331,165.869797,73.288742,28.037331,165.869797,73.288742,0.317033,0.368435,0.408591,0.772528,28.037331165.869797,73.288742,-22.170403,163.897125,62.695183,0.317839,0.543903,0.417859,0.654631,-22.170403,163.89712562.695183,-49.839405,161.979996,54.625443,0.293168,0.523801,0.437932,0.654631,-49.839405,161.979996,54.625443-66.287148,158.921188,45.084263,0.209556,0.456489,0.498353,0.706646,173.144012,0.008696,0.313043,-0.058192